-- ============================================================
-- SEED DATA  |  generated by migrate.py  (fixed accounting)
-- Source: Copia_de_ACTIVOS_EQUIPO_COMPUTO.xlsx  |  Total assets: 363
-- ============================================================

-- Cities
INSERT INTO cities (id, name, department) VALUES
  (1, 'Bogotá', 'Cundinamarca'),
  (2, 'Medellín', 'Antioquia'),
  (3, 'Urabá', 'Antioquia'),
  (4, 'Cartagena', 'Bolívar');

-- Areas
INSERT INTO areas (id, name) VALUES
  (1, 'CES'),
  (2, 'CIDI'),
  (3, 'ACADEMICO'),
  (4, 'PSICOSOCIAL'),
  (5, 'ADMIN'),
  (6, 'CEO'),
  (7, 'GFDO'),
  (8, 'HILTON'),
  (9, 'PROYECTO'),
  (10, 'CONTABILIDAD');

-- Accounting groups (code is now truly unique)
INSERT INTO accounting_groups (id, code, name) VALUES
  (1,  15280501, 'EQ COMP. ADMON'),
  (2,  15280502, 'EQUIPO COMPUTO BOGOTA'),
  (3,  15280102, 'EQ. COMP. MA / ME'),
  (4,  15280505, 'PLATAFORMA'),
  (5,  15280506, 'EQ. COMPUTO ME'),
  (6,  15280508, 'EQ. COMP. MEDELLIN'),
  (7,  15280509, 'EQ. COMP. CS'),
  (8,  15280516, 'EQUIPO DE COM'),
  (9,  15280511, 'EQ. COMP. REPLICACION'),
  (10, 15281301, 'EQ. COMPUTO HILTON'),
  (11, 15280514, 'EQ. COMP. CIDI');

-- Asset accounts (subcuentas contables, account_code is unique)
INSERT INTO asset_accounts (id, accounting_group_id, account_code, open_ledger) VALUES
  (1,  1,  1528050101, 'EQ COMP. ADMON'),
  (2,  2,  1528050102, 'EQUIPO COMPUTO'),
  (3,  3,  1528050201, 'EQ. COMP. MA'),
  (4,  4,  1528050501, 'PLATAFORMA'),
  (5,  5,  1528050601, 'EQ. COMPUTO ME'),
  (6,  6,  1528050801, 'EQ. COMP. MDLLIN'),
  (7,  7,  1528050901, 'EQ. COMP. CS'),
  (8,  8,  1528051601, 'EQUIPO DE COM'),
  (9,  9,  1528051101, 'EQ.COMP.REPLIC'),
  (10, 10, 1528051301, 'EQ.COMPUTO HILTO'),
  (11, 11, 1528051401, 'EQ. COMP. CIDI');

-- Asset categories
INSERT INTO asset_categories (id, name) VALUES
  (1, 'Laptop'),
  (2, 'Mobile'),
  (3, 'Printer'),
  (4, 'Desktop'),
  (5, 'Storage'),
  (6, 'Peripherals'),
  (7, 'Monitor'),
  (8, 'Tablet'),
  (9, 'Projector'),
  (10, 'Phone'),
  (11, 'Other'),
  (12, 'Camera'),
  (13, 'Network');

-- Sync sequences
SELECT setval('cities_id_seq', 4);
SELECT setval('areas_id_seq', 10);
SELECT setval('accounting_groups_id_seq', 11);
SELECT setval('asset_accounts_id_seq', 11);
SELECT setval('asset_categories_id_seq', 13);

-- NOTE: 261 assets have area_id = NULL (assign via app)

INSERT INTO assets
  (code, description, category_id, asset_account_id,
   city_id, area_id, historical_cost, activation_date,
   logical_status, physical_status)
VALUES
  ('01-EQC-025', '1 PORTATIL DELL ADMON CTG PROYECTO', 1, 1, 1, 9, 3050000.0, '2025-05-09', 'active', 'optimal'),
  ('001-EQC-001', 'CELULAR ADMON', 2, 1, 1, 5, 303918.0, '2021-03-31', 'active', 'optimal'),
  ('01-EQC-015', 'COMPUTADOR  PORTATIL DELL ADMON- HILTON', 1, 1, 1, 8, 3455000.0, '2022-12-31', 'active', 'optimal'),
  ('01-EQC-016', 'COMPUTADOR  PORTATIL DELL ADMON- HILTON', 1, 1, 1, 8, 3455000.0, '2022-12-31', 'active', 'optimal'),
  ('01-EQC-017', 'COMPUTADOR  PORTATIL DELL ADMON- HILTON', 1, 1, 1, 8, 3455000.0, '2022-12-31', 'active', 'optimal'),
  ('01-EQC-018', 'COMPUTADOR  PORTATIL DELL GFDO- HILTON', 1, 1, 1, 8, 3455000.0, '2022-12-31', 'active', 'optimal'),
  ('01-EQC-019', 'COMPUTADOR  PORTATIL DELL GFDO- HILTON', 1, 1, 1, 8, 3455000.0, '2022-12-31', 'active', 'optimal'),
  ('01-EQC-020', 'COMPUTADOR  PORTATIL DELL GFDO- HILTON', 1, 1, 1, 8, 3455000.0, '2022-12-31', 'active', 'optimal'),
  ('01-EQC-021', 'COMPUTADOR  PORTATIL DELL GFDO- HILTON', 1, 1, 1, 8, 3455000.0, '2022-12-31', 'active', 'optimal'),
  ('01-EQC-06', 'IMPRESORA HP-GESTION HUMANA', 3, 1, 1, 5, 420000.0, '2020-02-29', 'active', 'optimal'),
  ('01-EQC-013', 'COMPUTADOR GESTION HUMANA-DON LOREAL', 4, 1, 1, 5, 400000.0, '2022-09-30', 'active', 'optimal'),
  ('01-EQC-014', 'COMPUTADOR GESTION HUMANA-DON LOREAL', 4, 1, 1, 5, 400000.0, '2022-09-30', 'active', 'optimal'),
  ('01-EQC-024', '1 PORTATIL ASUS E1504F-1745 ADMON BOG POYECTO', 1, 2, 1, 5, 2049888.0, '2025-01-24', 'active', 'optimal'),
  ('01-EQC-023', '1 PORTATIL ASUS E1504F-1745 ADMON BOGOTA', 1, 2, 1, 5, 2049888.0, '2025-01-24', 'active', 'optimal'),
  ('01-EQC-022', '1 PORTATIL LENOVO V14 G3-+LICENCIA- ADMONBOG', 1, 2, 1, 5, 5198000.0, '2024-04-30', 'active', 'optimal'),
  ('01-EQC-002', 'BASE PARA COMPUTADOR BOGOTA', 4, 2, 1, NULL, 113700.0, '2017-06-30', 'active', 'optimal'),
  ('0102-EQC-010', 'Cmoutador Imac  de 21''5"', 4, 2, 1, NULL, 2732650.0, '2016-12-01', 'active', 'optimal'),
  ('01-EQC-004', 'COMPUTADOR BOGOTA', 4, 2, 1, NULL, 1459000.0, '2018-02-28', 'active', 'optimal'),
  ('01-EQC-008', 'COMPUTADOR BOGOTA-DON LOREAL', 4, 2, 1, NULL, 400000.0, '2022-03-31', 'active', 'optimal'),
  ('01-EQC-009', 'COMPUTADOR BOGOTA-DON LOREAL', 4, 2, 1, NULL, 400000.0, '2022-03-31', 'active', 'optimal'),
  ('01-EQC-010', 'COMPUTADOR BOGOTA-DON LOREAL', 4, 2, 1, NULL, 400000.0, '2022-03-31', 'active', 'optimal'),
  ('01-EQC-011', 'COMPUTADOR BOGOTA-DON LOREAL', 4, 2, 1, NULL, 400000.0, '2022-03-31', 'active', 'optimal'),
  ('0102-EQC-009', 'Computador lenovo', 4, 2, 1, NULL, 1728540.0, '2016-12-01', 'active', 'optimal'),
  ('01-EQC-006', 'COMPUTADOR PORTATIL BOGOTA-LIDER COMERCIAL', 1, 2, 1, NULL, 4510000.0, '2023-09-30', 'active', 'optimal'),
  ('01-EQC-026', 'COMPUTADORES BOG-ADMON  LENOVO DONAC-PROCIBERNETICA', 4, 2, 1, 5, 474982.0, '2025-07-22', 'active', 'optimal'),
  ('01-EQC-027', 'COMPUTADORES BOG-COMUNICACIONES  LENOVO DONAC-PROCIBERNETICA', 4, 2, 1, NULL, 508092.0, '2025-07-22', 'active', 'optimal'),
  ('01-EQC-005', 'DISCO DURO-BOGOTA', 5, 2, 1, NULL, 349700.0, '2020-01-31', 'active', 'optimal'),
  ('01-EQC-007', 'EQUIPO COMPUTO -BID T-VET', 4, 2, 1, NULL, 4690000.0, '2021-07-31', 'active', 'optimal'),
  ('0102-EQC-006', 'EQUIPO COMPUTO BOGOTA-MENOR VALOR', 4, 2, 1, NULL, 99167.0, '2016-12-01', 'active', 'optimal'),
  ('01-EQC-001', 'EQUIPO DE COMPUTO ADM BOGOTA', 4, 2, 1, NULL, 2891899.0, '2017-03-01', 'active', 'optimal'),
  ('01-EQC-003', 'IMPRESORA ADMON BOGOTA', 3, 2, 1, 5, 692500.0, '2017-12-31', 'active', 'optimal'),
  ('02-EQC-001', 'MICROFONO -BOGOTA', 6, 2, 2, NULL, 100000.0, '2018-10-31', 'active', 'optimal'),
  ('02-EQC-97', '1 IMPRESORA KYOCERA MA4000CIX X42 AREA SPICO', 3, 3, 2, NULL, 3570000.0, '2025-10-22', 'active', 'optimal'),
  ('02-EQC-072', '1 PANTALLA INTERACTIVA UTE', 7, 3, 2, 3, 7435169.0, '2025-01-31', 'active', 'optimal'),
  ('02-EQC-088', '1 PORTATIL CELERON AREA PSICO', 1, 3, 2, 4, 1040000.0, '2025-06-06', 'active', 'optimal'),
  ('02-EQC-069', '1 PORTATIL DELL 14" VOSTRO3420- AP -MONITOR 22"-TECLADO-MOUSE', 1, 3, 2, NULL, 2660000.0, '2024-01-31', 'active', 'optimal'),
  ('02-EQC-073', '1 TABLET SAMSUNG GALAXY 8.7 SILVER', 8, 3, 2, NULL, 668932.0, '2025-01-31', 'active', 'optimal'),
  ('02-EQC-074', '1 TABLET SAMSUNG GALAXY 8.7 SILVER', 8, 3, 2, NULL, 668932.0, '2025-01-31', 'active', 'optimal'),
  ('02-EQC-075', '1 TABLET SAMSUNG GALAXY 8.7 SILVER', 8, 3, 2, NULL, 668932.0, '2025-01-31', 'active', 'optimal'),
  ('02-EQC-076', '1 TABLET SAMSUNG GALAXY 8.7 SILVER', 8, 3, 2, NULL, 668932.0, '2025-01-31', 'active', 'optimal'),
  ('02-EQC-077', '1 TABLET SAMSUNG GALAXY 8.7 SILVER', 8, 3, 2, NULL, 668932.0, '2025-01-31', 'active', 'optimal'),
  ('02-EQC-078', '1 TABLET SAMSUNG GALAXY 8.7 SILVER', 8, 3, 2, NULL, 668932.0, '2025-01-31', 'active', 'optimal'),
  ('02-EQC-079', '1 TABLET SAMSUNG GALAXY 8.7 SILVER', 8, 3, 2, NULL, 668932.0, '2025-01-31', 'active', 'optimal'),
  ('02-EQC-080', '1 TABLET SAMSUNG GALAXY 8.7 SILVER', 8, 3, 2, NULL, 668932.0, '2025-01-31', 'active', 'optimal'),
  ('02-EQC-081', '1 TABLET SAMSUNG GALAXY 8.7 SILVER', 8, 3, 2, NULL, 668932.0, '2025-01-31', 'active', 'optimal'),
  ('02-EQC-082', '1 TABLET SAMSUNG GALAXY 8.7 SILVER', 8, 3, 2, NULL, 668932.0, '2025-01-31', 'active', 'optimal'),
  ('02-EQC-083', '1 TABLET SAMSUNG GALAXY 8.7 SILVER', 8, 3, 2, NULL, 668932.0, '2025-01-31', 'active', 'optimal'),
  ('02-EQC-084', '1 TABLET SAMSUNG GALAXY 8.7 SILVER', 8, 3, 2, NULL, 668932.0, '2025-01-31', 'active', 'optimal'),
  ('02-EQC-085', '1 TABLET SAMSUNG GALAXY 8.7 SILVER', 8, 3, 2, NULL, 668932.0, '2025-01-31', 'active', 'optimal'),
  ('02-EQC-086', '1 TABLET SAMSUNG GALAXY 8.7 SILVER', 8, 3, 2, NULL, 668932.0, '2025-01-31', 'active', 'optimal');

INSERT INTO assets
  (code, description, category_id, asset_account_id,
   city_id, area_id, historical_cost, activation_date,
   logical_status, physical_status)
VALUES
  ('02-EQC-087', '1 TABLET SAMSUNG GALAXY 8.7 SILVER', 8, 3, 2, NULL, 668932.0, '2025-01-31', 'active', 'optimal'),
  ('02-EQC-089', 'CELULAR MOTOROLA DUAL AREA SPICO', 2, 3, 2, NULL, 400000.0, '2025-07-14', 'active', 'optimal'),
  ('02-EQC-064', 'COMPUTADOR  PORTATIL DELL A.PSICOSOCIAL- HILTON', 1, 3, 2, 8, 3455000.0, '2022-12-31', 'active', 'optimal'),
  ('02-EQC-065', 'COMPUTADOR  PORTATIL DELL A.PSICOSOCIAL- HILTON', 1, 3, 2, 8, 3455000.0, '2022-12-31', 'active', 'optimal'),
  ('02-EQC-066', 'COMPUTADOR  PORTATIL DELL A.PSICOSOCIAL- HILTON', 1, 3, 2, 8, 3455000.0, '2022-12-31', 'active', 'optimal'),
  ('02-EQC-063', 'COMPUTADOR  PORTATIL DELL MA- HILTON', 1, 3, 2, 8, 3455000.0, '2022-12-31', 'active', 'optimal'),
  ('02-EQC-048', 'COMPUTADOR APOYO CLASES-DON LOREAL', 4, 3, 2, NULL, 400000.0, '2022-03-31', 'active', 'optimal'),
  ('02-EQC-049', 'COMPUTADOR APOYO CLASES-DON LOREAL', 4, 3, 2, NULL, 400000.0, '2022-03-31', 'active', 'optimal'),
  ('02-EQC-050', 'COMPUTADOR APOYO CLASES-DON LOREAL', 4, 3, 2, NULL, 400000.0, '2022-03-31', 'active', 'optimal'),
  ('02-EQC-030', 'COMPUTADOR AULA VIRTUAL-DON LOREAL', 4, 3, 2, NULL, 400000.0, '2022-03-31', 'active', 'optimal'),
  ('02-EQC-031', 'COMPUTADOR AULA VIRTUAL-DON LOREAL', 4, 3, 2, NULL, 400000.0, '2022-03-31', 'active', 'optimal'),
  ('02-EQC-032', 'COMPUTADOR AULA VIRTUAL-DON LOREAL', 4, 3, 2, NULL, 400000.0, '2022-03-31', 'active', 'optimal'),
  ('02-EQC-033', 'COMPUTADOR AULA VIRTUAL-DON LOREAL', 4, 3, 2, NULL, 400000.0, '2022-03-31', 'active', 'optimal'),
  ('02-EQC-034', 'COMPUTADOR AULA VIRTUAL-DON LOREAL', 4, 3, 2, NULL, 400000.0, '2022-03-31', 'active', 'optimal'),
  ('02-EQC-035', 'COMPUTADOR AULA VIRTUAL-DON LOREAL', 4, 3, 2, NULL, 400000.0, '2022-03-31', 'active', 'optimal'),
  ('02-EQC-036', 'COMPUTADOR AULA VIRTUAL-DON LOREAL', 4, 3, 2, NULL, 400000.0, '2022-03-31', 'active', 'optimal'),
  ('02-EQC-037', 'COMPUTADOR AULA VIRTUAL-DON LOREAL', 4, 3, 2, NULL, 400000.0, '2022-03-31', 'active', 'optimal'),
  ('02-EQC-039', 'COMPUTADOR AULA VIRTUAL-DON LOREAL', 4, 3, 2, NULL, 400000.0, '2022-03-31', 'active', 'optimal'),
  ('02-EQC-040', 'COMPUTADOR AULA VIRTUAL-DON LOREAL', 4, 3, 2, NULL, 400000.0, '2022-03-31', 'active', 'optimal'),
  ('02-EQC-041', 'COMPUTADOR AULA VIRTUAL-DON LOREAL', 4, 3, 2, NULL, 400000.0, '2022-03-31', 'active', 'optimal'),
  ('02-EQC-042', 'COMPUTADOR AULA VIRTUAL-DON LOREAL', 4, 3, 2, NULL, 400000.0, '2022-03-31', 'active', 'optimal'),
  ('02-EQC-043', 'COMPUTADOR AULA VIRTUAL-DON LOREAL', 4, 3, 2, NULL, 400000.0, '2022-03-31', 'active', 'optimal'),
  ('02-EQC-047', 'COMPUTADOR PASANTE AP-DON LOREAL', 4, 3, 2, NULL, 400000.0, '2022-03-31', 'active', 'optimal'),
  ('02-EQC-027', 'COMPUTADOR-AREA PSICOSOCIAL', 4, 3, 2, 4, 1590000.0, '2020-02-29', 'active', 'optimal'),
  ('02-EQC-091', 'COMPUTADORES  LENOVO DONAC-PROCIBCOMPUTADORES  LENOVO DONAC-PROCIBERNE', 4, 3, 2, NULL, 508092.0, '2025-07-22', 'active', 'optimal'),
  ('02-EQC-090', 'COMPUTADORES  LENOVO DONAC-PROCIBERNETICA', 4, 3, 2, NULL, 508092.0, '2025-07-22', 'active', 'optimal'),
  ('02-EQC-092', 'COMPUTADORES  LENOVO DONAC-PROCIBERNETICA', 4, 3, 2, NULL, 508092.0, '2025-07-22', 'active', 'optimal'),
  ('02-EQC-093', 'COMPUTADORES  LENOVO DONAC-PROCIBERNETICA', 4, 3, 2, NULL, 508092.0, '2025-07-22', 'active', 'optimal'),
  ('02-EQC-94', 'COMPUTADORES  LENOVO DONAC-PROCIBERNETICA', 4, 3, 2, NULL, 508092.0, '2025-07-22', 'active', 'optimal'),
  ('02-EQC-95', 'COMPUTADORES  LENOVO DONAC-PROCIBERNETICA', 4, 3, 2, NULL, 508092.0, '2025-07-22', 'active', 'optimal'),
  ('02-EQC-96', 'COMPUTADORES  LENOVO DONAC-PROCIBERNETICA', 4, 3, 2, NULL, 508092.0, '2025-07-22', 'active', 'optimal'),
  ('02-EQC-025', 'IMPRESORA AREA PSICOSOCIAL', 3, 3, 2, 4, 350000.0, '2017-10-30', 'active', 'optimal'),
  ('02-EQC-071', 'PARLANTE BLUETOOTH FLIP6 NEGRO- MA- ME', 6, 3, 2, NULL, 476000.0, '2024-04-30', 'active', 'optimal'),
  ('02-EQC-026', 'PARLANTES SONIDO EQUIPO DE COMPUTO MA', 4, 3, 2, NULL, 42000.0, '2018-03-31', 'active', 'optimal'),
  ('02-EQC-068', 'PORTATIL DELL 14" VOSTRO3420-MONITOR 22"-TECLADO-MOUSE', 1, 3, 2, NULL, 2660000.0, '2024-01-31', 'active', 'optimal'),
  ('02-EQC-018', 'PROYECTOR', 9, 3, 2, 9, 1541667.0, '2016-12-01', 'active', 'optimal'),
  ('02-EQC-070', 'PROYECTOR EPSON POWER LITE- MA- ME', 9, 3, 2, 9, 5690000.0, '2024-01-31', 'active', 'optimal'),
  ('02-EQC-067', 'COMPUTADOR  PORTATIL DELL A.PSICOSOCIAL- HILTON', 1, 3, 2, 8, 3455000.0, '2022-12-31', 'active', 'optimal'),
  ('05-EQC-001', '1 PORTATIL SUS E1504F-1745 EVENTO PLATAFORMA', 1, 4, 2, NULL, 2049888.0, '2025-01-24', 'active', 'optimal'),
  ('06-EQC-057', '1 TABLET SAMSUNG GALAXY 8.7 SILVER', 8, 5, 2, NULL, 668932.0, '2025-01-31', 'active', 'optimal'),
  ('06-EQC-054', '1 PORTATIL DELL 14" VOSTRO3420-MONITOR 22"-TECLADO-MOUSE', 1, 5, 2, NULL, 2660000.0, '2024-01-31', 'active', 'optimal'),
  ('06-EQC-055', '1 PORTATIL HP PROBOOK 440 G9-14" WINDOWS 10 PRO- ROBER GRAFFAM', 1, 5, 2, NULL, 3250000.0, '2024-03-31', 'active', 'optimal'),
  ('06-EQC-058', '1 TABLET SAMSUNG GALAXY 8.7 SILVER', 8, 5, 2, NULL, 668932.0, '2025-01-31', 'active', 'optimal'),
  ('06-EQC-059', '1 TABLET SAMSUNG GALAXY 8.7 SILVER', 8, 5, 2, NULL, 668932.0, '2025-01-31', 'active', 'optimal'),
  ('06-EQC-060', '1 TABLET SAMSUNG GALAXY 8.7 SILVER', 8, 5, 2, NULL, 668932.0, '2025-01-31', 'active', 'optimal'),
  ('06-EQC-061', '1 TABLET SAMSUNG GALAXY 8.7 SILVER', 8, 5, 2, NULL, 668932.0, '2025-01-31', 'active', 'optimal'),
  ('06-EQC-062', '1 TABLET SAMSUNG GALAXY 8.7 SILVER', 8, 5, 2, NULL, 668932.0, '2025-01-31', 'active', 'optimal'),
  ('06-EQC-063', '1 TABLET SAMSUNG GALAXY 8.7 SILVER', 8, 5, 2, NULL, 668932.0, '2025-01-31', 'active', 'optimal'),
  ('06-EQC-064', '1 TABLET SAMSUNG GALAXY 8.7 SILVER', 8, 5, 2, NULL, 668932.0, '2025-01-31', 'active', 'optimal'),
  ('06-EQC-065', '1 TABLET SAMSUNG GALAXY 8.7 SILVER', 8, 5, 2, NULL, 668932.0, '2025-01-31', 'active', 'optimal');

INSERT INTO assets
  (code, description, category_id, asset_account_id,
   city_id, area_id, historical_cost, activation_date,
   logical_status, physical_status)
VALUES
  ('06-EQC-066', '1 TABLET SAMSUNG GALAXY 8.7 SILVER', 8, 5, 2, NULL, 668932.0, '2025-01-31', 'active', 'optimal'),
  ('06-EQC-067', '1 TABLET SAMSUNG GALAXY 8.7 SILVER', 8, 5, 2, NULL, 668932.0, '2025-01-31', 'active', 'optimal'),
  ('06-EQC-068', '1 TABLET SAMSUNG GALAXY 8.7 SILVER', 8, 5, 2, NULL, 668932.0, '2025-01-31', 'active', 'optimal'),
  ('06-EQC-069', '1 TABLET SAMSUNG GALAXY 8.7 SILVER', 8, 5, 2, NULL, 668932.0, '2025-01-31', 'active', 'optimal'),
  ('06-EQC-070', '1 TABLET SAMSUNG GALAXY 8.7 SILVER', 8, 5, 2, NULL, 668932.0, '2025-01-31', 'active', 'optimal'),
  ('06-EQC-071', '1 TABLET SAMSUNG GALAXY 8.7 SILVER', 8, 5, 2, NULL, 668932.0, '2025-01-31', 'active', 'optimal'),
  ('06-EQC-056', '1 VIDEO PROYECTOR ULA', 9, 5, 2, 9, 4493860.0, '2025-01-31', 'active', 'optimal'),
  ('06-EQC-050', 'COMPUTADOR  PORTATIL DELL A.PSICOSOCIAL- HILTON', 1, 5, 2, 8, 3455000.0, '2022-12-31', 'active', 'optimal'),
  ('06-EQC-051', 'COMPUTADOR  PORTATIL DELL A.PSICOSOCIAL- HILTON', 1, 5, 2, 8, 3455000.0, '2022-12-31', 'active', 'optimal'),
  ('06-EQC-052', 'COMPUTADOR  PORTATIL DELL A.PSICOSOCIAL- HILTON', 1, 5, 2, 8, 3455000.0, '2022-12-31', 'active', 'optimal'),
  ('06-EQC-053', 'COMPUTADOR  PORTATIL DELL A.PSICOSOCIAL- HILTON', 1, 5, 2, 8, 3455000.0, '2022-12-31', 'active', 'optimal'),
  ('06-EQC-049', 'COMPUTADOR  PORTATIL DELL ME - HILTON', 1, 5, 2, 8, 3455000.0, '2022-12-31', 'active', 'optimal'),
  ('06-EQC-047', 'COMPUTADOR APOYO CLASES-DON LOREAL', 4, 5, 2, NULL, 400000.0, '2022-03-31', 'active', 'optimal'),
  ('06-EQC-029', 'COMPUTADOR AULA VIRTUAL-DON LOREAL', 4, 5, 2, NULL, 400000.0, '2022-03-31', 'active', 'optimal'),
  ('06-EQC-036', 'COMPUTADOR AULA VIRTUAL-DON LOREAL', 4, 5, 2, NULL, 400000.0, '2022-03-31', 'active', 'optimal'),
  ('06-EQC-039', 'COMPUTADOR AULA VIRTUAL-DON LOREAL', 4, 5, 2, NULL, 400000.0, '2022-03-31', 'active', 'optimal'),
  ('06-EQC-041', 'COMPUTADOR AULA VIRTUAL-DON LOREAL', 4, 5, 2, NULL, 400000.0, '2022-03-31', 'active', 'optimal'),
  ('06-EQC-043', 'COMPUTADOR AULA VIRTUAL-DON LOREAL', 4, 5, 2, NULL, 400000.0, '2022-03-31', 'active', 'optimal'),
  ('06-EQC-020', 'COMPUTADOR ME', 4, 5, 2, NULL, 1480000.0, '2017-03-01', 'active', 'optimal'),
  ('06-EQC-044', 'COMPUTADOR PASANTE AP-DON LOREAL', 4, 5, 2, NULL, 400000.0, '2022-03-31', 'active', 'optimal'),
  ('06-EQC-045', 'COMPUTADOR PASANTE AP-DON LOREAL', 4, 5, 2, NULL, 400000.0, '2022-03-31', 'active', 'optimal'),
  ('06-EQC-046', 'COMPUTADOR PASANTE AP-DON LOREAL', 4, 5, 2, NULL, 400000.0, '2022-03-31', 'active', 'optimal'),
  ('06-EQC-076', 'COMPUTADORES  LENOVO DONAC-PROCIBERNETICA', 4, 5, 2, NULL, 508092.0, '2025-07-22', 'active', 'optimal'),
  ('06-EQC-077', 'COMPUTADORES  LENOVO DONAC-PROCIBERNETICA', 4, 5, 2, NULL, 508092.0, '2025-07-22', 'active', 'optimal'),
  ('06-EQC-022', 'IMPRESORA  MULTIFUNCIONAL MAE', 3, 5, 2, NULL, 585000.0, '2017-10-30', 'active', 'optimal'),
  ('06-EQC-026', 'PARLANTES SONIDO COMPUTADOR MAE', 4, 5, 2, NULL, 28000.0, '2018-03-31', 'active', 'optimal'),
  ('06-MEQ-015', 'PORTATIL DELL ULA', 1, 5, 2, NULL, 2945000.0, '2025-01-31', 'active', 'optimal'),
  ('09-EQC-012', 'Proyector', 9, 5, 4, 9, 1072333.0, '2016-12-01', 'active', 'optimal'),
  ('06-EQC-023', 'TELEFONO ME', 10, 5, 2, NULL, 111600.0, '2017-11-30', 'active', 'optimal'),
  ('08-EQC-168', 'PORTATIL LATITUDE 7280- SERIAL CN61QN2  DONACION SURA', 1, 3, 2, NULL, 400000.0, '2023-12-31', 'active', 'optimal'),
  ('08-EQC-160', 'PORTATIL LATITUDE 7290- SERIAL 2M4TOZ2  DONACION SURA', 1, 3, 2, NULL, 400000.0, '2023-12-31', 'active', 'optimal'),
  ('08-EQC-116', 'COMPUTADOR-DON LOREAL', 4, 1, 2, 5, 400000.0, '2022-03-31', 'active', 'optimal'),
  ('08-EQC-180', 'PORTATIL LATITUDE 7270- SERIAL 3MZ9LC2 DONACION SURA', 1, 1, 2, 5, 400000.0, '2023-12-31', 'active', 'optimal'),
  ('08-EQC-177', 'PORTATIL LATITUDE 7290- SERIAL 2DBTOZ2  DONACION SURA', 1, 5, 2, NULL, 400000.0, '2023-12-31', 'active', 'optimal'),
  ('08-EQC-197', '1 CELULAR XIAOMI REDMI 14C 4+256GB AZUL- MEDELLIN -URABA', 2, 6, 2, NULL, 540000.0, '2024-10-31', 'active', 'optimal'),
  ('08-EQC-196', '1 CELULAR XIAOMI REDMI 14C 4+256GB NEGRO- MEDELLIN ADMON', 2, 6, 2, 5, 540000.0, '2024-10-31', 'active', 'optimal'),
  ('08-EQC-195', '1 CELULAR XIAOMI REDMI 14C 4+256GB NEGRO- MEDELLIN CEO', 2, 6, 2, 6, 540000.0, '2024-10-31', 'active', 'optimal'),
  ('08-EQC-198', '1 CELULAR XIAOMI REDMI 14C 4+256GB NEGRO- MEDELLIN URABA', 2, 6, 2, NULL, 540000.0, '2024-10-31', 'active', 'optimal'),
  ('08-EQC-213', '1 CELULAR XIAOMI REDMI URABA', 2, 6, 2, NULL, 455000.0, '2025-07-31', 'active', 'optimal'),
  ('08-EQC-214', '1 CELULAR XIAOMI REDMI URABA', 2, 6, 2, NULL, 455000.0, '2025-07-31', 'active', 'optimal'),
  ('08-EQC-188', '1 CELULAR XIOMI REDMI 12 4+128GB AZU-URABA', 2, 6, 2, NULL, 549900.0, '2024-07-31', 'active', 'optimal'),
  ('08-EQC-201', '1 COMPUTADOR LENOVO IP S3 CI5 12450H-MED', 4, 6, 2, NULL, 1875000.0, '2025-02-28', 'active', 'optimal'),
  ('08-EQC-199', '1 COMPUTADOR PORTATIL DELL LATITUDE 3440 8GB- URABA', 1, 6, 2, NULL, 1990000.0, '2024-11-30', 'active', 'optimal'),
  ('08-EQC-200', '1 COMPUTADOR PORTATIL DELL LATITUDE 3440 8GB- URABA', 1, 6, 2, NULL, 1990000.0, '2024-11-30', 'active', 'optimal'),
  ('08-EQC-221', '1 LENOVO 20HQA05C00 PC1GK18C DONACION FONDO GARANTIAS', 11, 6, 2, NULL, 2287800.0, '2025-08-31', 'active', 'optimal'),
  ('08-EQC-222', '1 LENOVO 20L8S1JD00 PF1CWEPB DONACION FONDO GARANTIAS', 11, 6, 2, NULL, 2287800.0, '2025-08-31', 'active', 'optimal'),
  ('08-EQC-220', '1 LENOVO 20N9S02100 PF1CPBLL DONACION FONDO GARANTIAS', 11, 6, 2, NULL, 2287800.0, '2025-08-31', 'active', 'optimal'),
  ('08-EQC-223', '1 LENOVO 20N9S02100 PFOSQYEY DONACION FONDO GARANTIAS', 11, 6, 2, NULL, 2287800.0, '2025-08-31', 'active', 'optimal'),
  ('08-EQC-219', '1 LENOVO 20Q1S0QU00 SLIO075616 DONACION FONDO GARANTIAS', 11, 6, 2, NULL, 2287800.0, '2025-08-31', 'active', 'optimal'),
  ('08-EQC-218', '1 LENOVO 20U2S14Y00 PF1CMUVD DONACION FONDO GARANTIAS', 11, 6, 2, NULL, 2287800.0, '2025-08-31', 'active', 'optimal');

INSERT INTO assets
  (code, description, category_id, asset_account_id,
   city_id, area_id, historical_cost, activation_date,
   logical_status, physical_status)
VALUES
  ('08-EQC-215', '1 LENOVO 83EQ PF5J103S DONACION FONDO GARANTIAS', 11, 6, 2, NULL, 1699999.0, '2025-08-31', 'active', 'optimal'),
  ('08-EQC-217', '1 LENOVO 83EQ PF5J1V7W DONACION FONDO GARANTIAS', 11, 6, 2, NULL, 1699999.0, '2025-08-31', 'active', 'optimal'),
  ('08-EQC-216', '1 LENOVO 83EQ PF5J1XN6 DONACION FONDO GARANTIAS', 11, 6, 2, NULL, 1699999.0, '2025-08-31', 'active', 'optimal'),
  ('08-EQC-152', '1 PORTATIL DELL INSPIRION 15 3505- PROY. TETRATECH', 1, 6, 2, 9, 2170000.0, '2023-12-31', 'active', 'optimal'),
  ('08-EQC-190', '1 PORTATIL DELL LATITUD 34405-8 GB/W10PRO-URABA', 1, 6, 2, NULL, 2250000.0, '2024-08-31', 'active', 'optimal'),
  ('08-EQC-191', '1 PORTATIL DELL LATITUD 34405-8 GB/W10PRO-URABA', 1, 6, 2, NULL, 2250000.0, '2024-08-31', 'active', 'optimal'),
  ('08-EQC-192', '1 PORTATIL DELL LATITUD 34405-8 GB/W10PRO-URABA', 1, 6, 2, NULL, 2250000.0, '2024-08-31', 'active', 'optimal'),
  ('08-EQC-193', '1 PORTATIL DELL LATITUD 34405-8 GB/W10PRO-URABA', 1, 6, 2, NULL, 2250000.0, '2024-08-31', 'active', 'optimal'),
  ('08-EQC-194', '1 PORTATIL DELL LATITUD 34405-8 GB/W10PRO-URABA', 1, 6, 2, NULL, 2250000.0, '2024-08-31', 'active', 'optimal'),
  ('08-EQC-202', '1 RADIO INTERCOMUNICACION- MED', 6, 6, 2, NULL, 209900.0, '2025-03-31', 'active', 'optimal'),
  ('08-EQC-206', '1-TABLET SNASUNG SM X 115 URABA', 8, 6, 2, NULL, 672000.0, '2025-07-07', 'active', 'optimal'),
  ('08-EQC-207', '1-TABLET SNASUNG SM X 115 URABA', 8, 6, 2, NULL, 672000.0, '2025-07-07', 'active', 'optimal'),
  ('08-EQC-187', '3 CELULARES XIOMI REDMI 13C+256GB AZUL-MED AP', 2, 6, 2, NULL, 1619700.0, '2024-07-31', 'active', 'optimal'),
  ('08-EQC-189', '3 CELULARES XIOMI REDMI 13C+256GB VERDE-CEO-ACADEMICO-CONVOCATORIA', 2, 6, 2, 6, 1619700.0, '2024-07-31', 'active', 'optimal'),
  ('08-EQC-153', '5 DISCO DURO 1 T EXTERNO 2.5 ANTIGOLPES', 5, 6, 2, NULL, 1225000.0, '2023-12-31', 'active', 'optimal'),
  ('08-EQC-151', '9 MICROFONO/AUDIFONO-PROYECTO HILTON', 6, 6, 2, 8, 1130742.0, '2023-08-31', 'active', 'optimal'),
  ('08-EQC-076', 'CELULAR', 2, 6, 2, NULL, 515000.0, '2021-06-30', 'active', 'optimal'),
  ('08-EQC-077', 'CELULAR', 2, 6, 2, NULL, 515000.0, '2021-06-30', 'active', 'optimal'),
  ('08-EQC-001', 'CELULAR SAMSUNG-JUANFE MEDELLIN', 2, 6, 2, NULL, 319000.0, '2020-02-29', 'active', 'optimal'),
  ('08-EQC-142', 'COMP. PORTATIL,MONITOR TECLADO,MOUSE, PROY HILTON', 1, 6, 2, 8, 3455000.0, '2023-02-28', 'active', 'optimal'),
  ('08-EQC-143', 'COMP. PORTATIL,MONITOR TECLADO,MOUSE, PROY HILTON', 1, 6, 2, 8, 3455000.0, '2023-02-28', 'active', 'optimal'),
  ('08-EQC-144', 'COMP. PORTATIL,MONITOR TECLADO,MOUSE, PROY HILTON', 1, 6, 2, 8, 3455000.0, '2023-02-28', 'active', 'optimal'),
  ('08-EQC-146', 'COMP. PORTATIL,MONITOR TECLADO,MOUSE, PROY HILTON', 1, 6, 2, 8, 3455000.0, '2023-02-28', 'active', 'optimal'),
  ('08-EQC-147', 'COMP. PORTATIL,MONITOR TECLADO,MOUSE, PROY HILTON', 1, 6, 2, 8, 3455000.0, '2023-02-28', 'active', 'optimal'),
  ('08-EQC-148', 'COMP. PORTATIL,MONITOR TECLADO,MOUSE, PROY HILTON', 1, 6, 2, 8, 3455000.0, '2023-02-28', 'active', 'optimal'),
  ('08-EQC-149', 'COMP. PORTATIL,MONITOR TECLADO,MOUSE, PROY HILTON', 1, 6, 2, 8, 3455000.0, '2023-02-28', 'active', 'optimal'),
  ('08-EQC-150', 'COMP. PORTATIL,MONITOR TECLADO,MOUSE, PROY HILTON', 1, 6, 2, 8, 3455000.0, '2023-02-28', 'active', 'optimal'),
  ('08-EQC-140', 'COMPUTADOR - DONACION LOREAL', 4, 6, 2, NULL, 400000.0, '2022-09-30', 'active', 'optimal'),
  ('08-EQC-141', 'COMPUTADOR - DONACION LOREAL', 4, 6, 2, NULL, 400000.0, '2022-09-30', 'active', 'optimal'),
  ('08-EQC-139', 'COMPUTADOR- DONACION LOREAL', 4, 6, 2, NULL, 400000.0, '2022-09-30', 'active', 'optimal'),
  ('08-EQC-115', 'COMPUTADOR-DON LOREAL', 4, 6, 2, NULL, 400000.0, '2022-03-31', 'active', 'optimal'),
  ('08-EQC-117', 'COMPUTADOR-DON LOREAL', 4, 6, 2, NULL, 400000.0, '2022-03-31', 'active', 'optimal'),
  ('08-EQC-118', 'COMPUTADOR-DON LOREAL', 4, 6, 2, NULL, 400000.0, '2022-03-31', 'active', 'optimal'),
  ('08-EQC-119', 'COMPUTADOR-DON LOREAL', 4, 6, 2, NULL, 400000.0, '2022-03-31', 'active', 'optimal'),
  ('08-EQC-120', 'COMPUTADOR-DON LOREAL', 4, 6, 2, NULL, 40000.0, '2022-03-31', 'active', 'optimal'),
  ('08-EQC-121', 'COMPUTADOR-DON LOREAL', 4, 6, 2, NULL, 400000.0, '2022-03-31', 'active', 'optimal'),
  ('08-EQC-208', 'COMPUTADORES  LENOVO DONAC-PROCIBERNETICA', 4, 6, 2, NULL, 508092.0, '2025-07-22', 'active', 'optimal'),
  ('08-EQC-209', 'COMPUTADORES  LENOVO DONAC-PROCIBERNETICA', 4, 6, 2, NULL, 508092.0, '2025-07-22', 'active', 'optimal'),
  ('08-EQC-210', 'COMPUTADORES  LENOVO DONAC-PROCIBERNETICA', 4, 6, 2, NULL, 508092.0, '2025-07-22', 'active', 'optimal'),
  ('08-EQC-211', 'COMPUTADORES  LENOVO DONAC-PROCIBERNETICA', 4, 6, 2, NULL, 508092.0, '2025-07-22', 'active', 'optimal'),
  ('08-EQC-212', 'COMPUTADORES  LENOVO DONAC-PROCIBERNETICA', 4, 6, 2, NULL, 508092.0, '2025-07-22', 'active', 'optimal'),
  ('08-EQC-002', 'EQUIPO DE COMPUTO', 4, 6, 2, NULL, 587000.0, '2020-07-31', 'active', 'optimal'),
  ('08-EQC-014', 'EQUIPO DE COMPUTO', 4, 6, 2, NULL, 587000.0, '2020-07-31', 'active', 'optimal'),
  ('08-EQC-015', 'EQUIPO DE COMPUTO', 4, 6, 2, NULL, 587000.0, '2020-07-31', 'active', 'optimal'),
  ('08-EQC-016', 'EQUIPO DE COMPUTO', 4, 6, 2, NULL, 587000.0, '2020-07-31', 'active', 'optimal'),
  ('08-EQC-068', 'EQUIPO DE COMPUTO', 4, 6, 2, NULL, 2767000.0, '2021-03-31', 'active', 'optimal'),
  ('08-EQC-069', 'EQUIPO DE COMPUTO', 4, 6, 2, NULL, 2767000.0, '2021-03-31', 'active', 'optimal'),
  ('08-EQC-074', 'EQUIPO DE COMPUTO', 4, 6, 2, NULL, 3595000.0, '2021-06-30', 'active', 'optimal'),
  ('08-EQC-083', 'PORTATIL DELL', 1, 6, 2, NULL, 3989000.0, '2021-11-30', 'active', 'optimal'),
  ('08-EQC-084', 'PORTATIL DELL', 1, 6, 2, NULL, 3989000.0, '2021-11-30', 'active', 'optimal');

INSERT INTO assets
  (code, description, category_id, asset_account_id,
   city_id, area_id, historical_cost, activation_date,
   logical_status, physical_status)
VALUES
  ('08-EQC-085', 'PORTATIL DELL', 1, 6, 2, NULL, 3989000.0, '2021-11-30', 'active', 'optimal'),
  ('08-EQC-078', 'PORTATIL DELL LATITUD 3410', 1, 6, 2, NULL, 3820000.0, '2021-07-31', 'active', 'optimal'),
  ('08-EQC-079', 'PORTATIL DELL LATITUD 3410', 1, 6, 2, NULL, 3820000.0, '2021-07-31', 'active', 'optimal'),
  ('08-EQC-080', 'PORTATIL DELL LATITUD 3410', 1, 6, 2, NULL, 3820000.0, '2021-07-31', 'active', 'optimal'),
  ('08-EQC-081', 'PORTATIL DELL LATITUD 3410', 1, 6, 2, NULL, 3820000.0, '2021-07-31', 'active', 'optimal'),
  ('08-EQC-082', 'PORTATIL DELL LATITUD 3410', 1, 6, 2, NULL, 3820000.0, '2021-07-31', 'active', 'optimal'),
  ('08-EQC-086', 'PORTATIL DELL-DON SURA', 1, 6, 2, NULL, 208725.0, '2021-12-31', 'active', 'optimal'),
  ('08-EQC-087', 'PORTATIL DELL-DON SURA', 1, 6, 2, NULL, 208725.0, '2021-12-31', 'active', 'optimal'),
  ('08-EQC-089', 'PORTATIL DELL-DON SURA', 1, 6, 2, NULL, 208725.0, '2021-12-31', 'active', 'optimal'),
  ('08-EQC-091', 'PORTATIL DELL-DON SURA', 1, 6, 2, NULL, 208725.0, '2021-12-31', 'active', 'optimal'),
  ('08-EQC-093', 'PORTATIL DELL-DON SURA', 1, 6, 2, NULL, 208725.0, '2021-12-31', 'active', 'optimal'),
  ('08-EQC-095', 'PORTATIL DELL-DON SURA', 1, 6, 2, NULL, 208725.0, '2021-12-31', 'active', 'optimal'),
  ('08-EQC-096', 'PORTATIL DELL-DON SURA', 1, 6, 2, NULL, 208725.0, '2021-12-31', 'active', 'optimal'),
  ('08-EQC-097', 'PORTATIL DELL-DON SURA', 1, 6, 2, NULL, 208725.0, '2021-12-31', 'active', 'optimal'),
  ('08-EQC-098', 'PORTATIL DELL-DON SURA', 1, 6, 2, NULL, 208725.0, '2021-12-31', 'active', 'optimal'),
  ('08-EQC-100', 'PORTATIL DELL-DON SURA', 1, 6, 2, NULL, 208725.0, '2021-12-31', 'active', 'optimal'),
  ('08-EQC-101', 'PORTATIL DELL-DON SURA', 1, 6, 2, NULL, 208725.0, '2022-01-31', 'active', 'optimal'),
  ('08-EQC-102', 'PORTATIL DELL-DON SURA', 1, 6, 2, NULL, 208725.0, '2022-01-31', 'active', 'optimal'),
  ('08-EQC-105', 'PORTATIL DELL-DON SURA', 1, 6, 2, NULL, 208725.0, '2022-01-31', 'active', 'optimal'),
  ('08-EQC-110', 'PORTATIL DELL-DON SURA', 1, 6, 2, NULL, 208725.0, '2022-01-31', 'active', 'optimal'),
  ('08-EQC-111', 'PORTATIL DELL-DON SURA', 1, 6, 2, NULL, 208725.0, '2021-12-31', 'active', 'optimal'),
  ('08-EQC-113', 'PORTATIL DELL-DON SURA', 1, 6, 2, NULL, 208725.0, '2021-12-31', 'active', 'optimal'),
  ('08-EQC-176', 'PORTATIL LATITUDE 5300- SERIAL 43LOWZ2  DONACION SURA', 1, 6, 2, NULL, 400000.0, '2023-12-31', 'active', 'optimal'),
  ('08-EQC-175', 'PORTATIL LATITUDE 5300- SERIAL 7F9NKW2  DONACION SURA', 1, 6, 2, NULL, 400000.0, '2023-12-31', 'active', 'optimal'),
  ('08-EQC-179', 'PORTATIL LATITUDE 7270- SERIAL G7270G2  DONACION SURA', 1, 6, 2, NULL, 400000.0, '2023-12-31', 'active', 'optimal'),
  ('08-EQC-155', 'PORTATIL LATITUDE 7280 SERIAL 33QFFH2-DON SURA', 1, 6, 2, NULL, 400000.0, '2023-12-31', 'active', 'optimal'),
  ('08-EQC-123', 'PORTATIL LATITUDE 7280- DON SURA', 1, 6, 2, NULL, 208000.0, '2022-08-31', 'active', 'optimal'),
  ('08-EQC-126', 'PORTATIL LATITUDE 7280- DON SURA', 1, 6, 2, NULL, 208000.0, '2022-08-31', 'active', 'optimal'),
  ('08-EQC-128', 'PORTATIL LATITUDE 7280- DON SURA', 1, 6, 2, NULL, 208000.0, '2022-08-31', 'active', 'optimal'),
  ('08-EQC-130', 'PORTATIL LATITUDE 7280- DON SURA', 1, 6, 2, NULL, 208000.0, '2022-08-31', 'active', 'optimal'),
  ('08-EQC-122', 'PORTATIL LATITUDE 7290- DON SURA', 1, 6, 2, NULL, 208000.0, '2022-08-31', 'active', 'optimal'),
  ('08-EQC-124', 'PORTATIL LATITUDE 7290- DON SURA', 1, 6, 2, NULL, 208000.0, '2022-08-31', 'active', 'optimal'),
  ('08-EQC-125', 'PORTATIL LATITUDE 7290- DON SURA', 1, 6, 2, NULL, 208000.0, '2022-08-31', 'active', 'optimal'),
  ('08-EQC-127', 'PORTATIL LATITUDE 7290- DON SURA', 1, 6, 2, NULL, 208000.0, '2022-08-31', 'active', 'optimal'),
  ('08-EQC-129', 'PORTATIL LATITUDE 7290- DON SURA', 1, 6, 2, NULL, 208000.0, '2022-08-31', 'active', 'optimal'),
  ('08-EQC-131', 'PORTATIL LATITUDE 7290- DON SURA', 1, 6, 2, NULL, 208000.0, '2022-08-31', 'active', 'optimal'),
  ('08-EQC-132', 'PORTATIL LATITUDE 7290- DON SURA', 1, 6, 2, NULL, 208000.0, '2022-08-31', 'active', 'optimal'),
  ('08-EQC-135', 'PORTATIL LATITUDE 7290- DON SURA', 1, 6, 2, NULL, 208000.0, '2022-08-31', 'active', 'optimal'),
  ('08-EQC-136', 'PORTATIL LATITUDE 7290- DON SURA', 1, 6, 2, NULL, 208000.0, '2022-08-31', 'active', 'optimal'),
  ('08-EQC-138', 'PORTATIL LATITUDE 7290- DON SURA', 1, 6, 2, NULL, 208000.0, '2022-08-31', 'active', 'optimal'),
  ('08-EQC-156', 'PORTATIL LATITUDE 7290- DONACION SURA', 1, 6, 2, NULL, 400000.0, '2023-12-31', 'active', 'optimal'),
  ('08-EQC-157', 'PORTATIL LATITUDE 7290- SERIAL 3PQ06M2 DONACION SURA', 1, 6, 2, NULL, 400000.0, '2023-12-31', 'active', 'optimal'),
  ('08-EQC-165', 'PORTATIL LATITUDE 7290- SERIAL 57R46S2  DONACION SURA', 1, 6, 2, NULL, 400000.0, '2023-12-31', 'active', 'optimal'),
  ('08-EQC-171', 'PORTATIL LATITUDE 7290- SERIAL 7V4TOZ2 DONACION SURA', 1, 6, 2, NULL, 400000.0, '2023-12-31', 'active', 'optimal'),
  ('08-EQC-169', 'PORTATIL LATITUDE 7290- SERIAL 8M7VOZ2 DONACION SURA', 1, 6, 2, NULL, 400000.0, '2023-12-31', 'active', 'optimal'),
  ('08-EQC-172', 'PORTATIL LATITUDE 7290- SERIAL 8XPTOZ2 DONACION SURA', 1, 6, 2, NULL, 400000.0, '2023-12-31', 'active', 'optimal'),
  ('08-EQC-164', 'PORTATIL LATITUDE 7290- SERIAL 9180RQ2 DONACION SURA', 1, 6, 2, NULL, 400000.0, '2023-12-31', 'active', 'optimal'),
  ('08-EQC-166', 'PORTATIL LATITUDE 7290- SERIAL 9YHTOZ22 DONACION SURA', 1, 6, 2, NULL, 400000.0, '2023-12-31', 'active', 'optimal'),
  ('08-EQC-159', 'PORTATIL LATITUDE 7290- SERIAL C6JTOZ2 DONACION SURA', 1, 6, 2, NULL, 400000.0, '2023-12-31', 'active', 'optimal'),
  ('08-EQC-173', 'PORTATIL LATITUDE 7290- SERIAL GCYK7S2 DONACION SURA', 1, 6, 2, NULL, 400000.0, '2023-12-31', 'active', 'optimal');

INSERT INTO assets
  (code, description, category_id, asset_account_id,
   city_id, area_id, historical_cost, activation_date,
   logical_status, physical_status)
VALUES
  ('08-EQC-167', 'PORTATIL LATITUDE 7290- SERIAL HMCV5Y2 DONACION SURA', 1, 6, 2, NULL, 400000.0, '2023-12-31', 'active', 'optimal'),
  ('08-EQC-158', 'PORTATIL LATITUDE 7290- SERIAL JGCV5Y2 DONACION SURA', 1, 6, 2, NULL, 400000.0, '2023-12-31', 'active', 'optimal'),
  ('08-EQC-178', 'PORTATIL LATITUDE 7290- SERIAL JW4TOZ2  DONACION SURA', 1, 6, 2, NULL, 400000.0, '2023-12-31', 'active', 'optimal'),
  ('08-EQC-170', 'PORTATIL LATITUDE 7290- SERIAL1JWTOZ2  DONACION SURA', 1, 6, 2, NULL, 400000.0, '2023-12-31', 'active', 'optimal'),
  ('08-EQC-163', 'PORTATIL LATITUDE 7290- SERIAL42JTOZ2  DONACION SURA', 1, 6, 2, NULL, 400000.0, '2023-12-31', 'active', 'optimal'),
  ('08-EQC-154', 'PORTATIL LATITUDE 7290-SERIAL 1CS56S2-DON SURA', 1, 6, 2, NULL, 400000.0, '2023-12-31', 'active', 'optimal'),
  ('08-EQC-181', 'SPEAKER PARA CONFERENCIA JABRA 510- MEDELLIN', 6, 6, 2, NULL, 820000.0, '2024-02-29', 'active', 'optimal'),
  ('08-EQC-075', 'TABLET', 8, 6, 2, NULL, 545000.0, '2021-06-30', 'active', 'optimal'),
  ('08-EQC-072', 'TABLET BIS PSICOLOGA MDLL', 8, 6, 2, 4, 455000.0, '2021-05-31', 'active', 'optimal'),
  ('08-EQC-073', 'TABLET BIS PSICOLOGA MDLL', 8, 6, 2, 4, 455000.0, '2021-05-31', 'active', 'optimal'),
  ('08-EQC-203', 'TABLET SANSUNG GALAX SILVER', 8, 6, 2, NULL, 615000.0, '2025-07-17', 'active', 'optimal'),
  ('08-EQC-204', 'TABLET SANSUNG GALAX SILVER', 8, 6, 2, NULL, 615000.0, '2025-07-17', 'active', 'optimal'),
  ('08-EQC-205', 'TABLET SANSUNG GALAX SILVER', 8, 6, 2, NULL, 615000.0, '2025-07-17', 'active', 'optimal'),
  ('08-EQC-161', 'PORTATIL LATITUDE 7290- SERIAL DTP10Z2 DONACION SURA', 1, 7, 2, NULL, 400000.0, '2023-12-31', 'active', 'optimal'),
  ('08-EQC-090', 'PORTATIL DELL-DON SURA', 1, 8, 2, NULL, 208725.0, '2021-12-31', 'active', 'optimal'),
  ('08-EQC-174', 'PORTATIL LATITUDE 5300- SERIAL 33LOWZ2  DONACION SURA', 1, 8, 2, NULL, 400000.0, '2023-12-31', 'active', 'optimal'),
  ('09-EQC-079', 'COMPUTADORES  LENOVO DONAC-PROCIBERNETICA', 4, 7, 4, NULL, 508902.0, '2025-07-22', 'active', 'optimal'),
  ('09-EQC-072', '1 IMPRESORA LASER HP NEGRO M111W- CS', 3, 7, 4, 1, 710000.0, '2024-04-30', 'active', 'optimal'),
  ('09-EQC-070', '1 POLTATIL DELL VOSTRO 3420 -CS ALQUILER DE SPACIO', 1, 7, 4, 1, 2230000.0, '2024-02-29', 'active', 'optimal'),
  ('09-EQC-068', '1 PORTATIL HPPROBBOK-MONITOR LG 24", LICENCIA ANTI, TECLADO-MOUSE-FEFP', 1, 7, 4, NULL, 4200000.0, '2024-01-31', 'active', 'optimal'),
  ('09-EQC-074', '1 PORTATIL LENOVO V14 G4 ABP AMD- TI+D', 1, 7, 4, NULL, 2750000.0, '2025-02-28', 'active', 'optimal'),
  ('09-EQC-067', '1 PROYECTOR EPSON POWER LITE- PROYE. FEFP', 9, 7, 4, 9, 2290000.0, '2024-01-31', 'active', 'optimal'),
  ('09-EQC-039', 'CAMARA WEB-MERCY CORPS', 12, 7, 4, NULL, 140000.0, '2021-08-31', 'active', 'optimal'),
  ('09-EQC-040', 'CAMARA WEB-MERCY CORPS', 12, 7, 4, NULL, 140000.0, '2021-08-31', 'active', 'optimal'),
  ('09-EQC-041', 'CAMARA WEB-MERCY CORPS', 12, 7, 4, NULL, 140000.0, '2021-08-31', 'active', 'optimal'),
  ('09-EQC-042', 'CAMARA WEB-MERCY CORPS', 12, 7, 4, NULL, 140000.0, '2021-08-31', 'active', 'optimal'),
  ('09-EQC-043', 'CAMARA WEB-MERCY CORPS', 12, 7, 4, NULL, 140000.0, '2021-08-31', 'active', 'optimal'),
  ('09-EQC-073', 'CELULAR SAMSUNG  A05S DUAL SIM 128 GB NEGRO', 2, 7, 4, NULL, 455000.0, '2024-12-31', 'active', 'optimal'),
  ('09-EQC-081', 'CES GFDO-PORTATIL CORE 15 24 GB DOTACION OFICINA', 1, 7, 4, 7, 2456370.0, '2025-10-31', 'active', 'optimal'),
  ('09-EQC-062', 'COMPUTADOR  PORTATIL DELL CS - HILTON', 1, 7, 4, 8, 3455000.0, '2022-12-31', 'active', 'optimal'),
  ('09-EQC-026', 'COMPUTADOR HP-IN ONE BUSINES', 4, 7, 4, NULL, 1012492.0, '2021-01-31', 'active', 'optimal'),
  ('09-EQC-027', 'COMPUTADOR HP-IN ONE BUSINES', 4, 7, 4, NULL, 1012492.0, '2021-01-31', 'active', 'optimal'),
  ('09-EQC-028', 'COMPUTADOR HP-IN ONE BUSINES', 4, 7, 4, NULL, 1012492.0, '2021-01-31', 'active', 'optimal'),
  ('09-EQC-029', 'COMPUTADOR HP-IN ONE BUSINES', 4, 7, 4, NULL, 1012492.0, '2021-01-31', 'active', 'optimal'),
  ('09-EQC-030', 'COMPUTADOR HP-IN ONE BUSINES', 4, 7, 4, NULL, 1012492.0, '2021-01-31', 'active', 'optimal'),
  ('09-EQC-035', 'COMPUTADOR-CONTABILIDAD', 4, 7, 4, 10, 2411880.0, '2021-08-31', 'active', 'optimal'),
  ('09-EQC-077', 'COMPUTADORES  LENOVO DONAC-PROCIBERNETICA', 4, 7, 4, NULL, 508092.0, '2025-07-22', 'active', 'optimal'),
  ('09-EQC-078', 'COMPUTADORES  LENOVO DONAC-PROCIBERNETICA', 4, 7, 4, NULL, 508092.0, '2025-07-22', 'active', 'optimal'),
  ('09-EQC-080', 'COMPUTADORES  LENOVO DONAC-PROCIBERNETICA', 4, 7, 4, NULL, 508092.0, '2025-07-22', 'active', 'optimal'),
  ('09-EQC-033', 'DISCO DURO', 5, 7, 4, NULL, 240000.0, '2021-05-31', 'active', 'optimal'),
  ('09-EQC-034', 'DISCO DURO', 5, 7, 4, NULL, 240000.0, '2021-05-31', 'active', 'optimal'),
  ('09-EQC-059', 'EQUIPO COMPUTO - SERVIDOR C', 4, 7, 4, NULL, 3327000.0, '2022-06-30', 'active', 'optimal'),
  ('09-EQC-060', 'EQUIPO COMPUTO- DIRECTORA FINANCIERA', 4, 7, 4, NULL, 4219000.0, '2022-09-30', 'active', 'optimal'),
  ('09-EQC-061', 'EQUIPO COMPUTO- ING SISTEMA', 4, 7, 4, NULL, 3306290.0, '2022-10-31', 'active', 'optimal'),
  ('09-EQC-018', 'EQUIPO DE COMPUTO-AUXILIAR CAJA', 4, 7, 4, NULL, 1590000.0, '2019-03-31', 'active', 'optimal'),
  ('09-EQC-066', 'IMPRESORA EPSON L3210-  Ti+D-TECNOLOGIA INNOVA Y DESARRO', 3, 7, 4, NULL, 730000.0, '2024-01-31', 'active', 'optimal'),
  ('09-EQC-001', 'IMPRESORA HP-DIRECCION FINANCIERA', 3, 7, 4, NULL, 499000.0, '2019-10-31', 'active', 'optimal'),
  ('09-EQC-021', 'MONITOR CS', 7, 7, 4, 1, 590000.0, '2019-12-31', 'active', 'optimal'),
  ('09-EQC-065', 'PC LENOVO THINKCENTRE 20" WINDOWS 10 PRO-ACDI VOCA', 11, 7, 4, NULL, 3187000.0, '2024-01-31', 'active', 'optimal'),
  ('09-EQC-064', 'PC TODO EN UNO HP 22-WIDOWS 11 BLANCO-ACDI VOCA', 11, 7, 4, NULL, 2783000.0, '2024-01-31', 'active', 'optimal');

INSERT INTO assets
  (code, description, category_id, asset_account_id,
   city_id, area_id, historical_cost, activation_date,
   logical_status, physical_status)
VALUES
  ('09-EQC-063', 'PROYECTOR EPSON POWERLITE-ALQ ESPACIO', 9, 7, 4, 9, 2700000.0, '2023-05-31', 'active', 'optimal'),
  ('09-EQC-031', 'TELEFONO CONTABILIDAD', 10, 7, 4, 10, 60000.0, '2021-02-28', 'active', 'optimal'),
  ('09-EQC-032', 'TELEFONO CONTABILIDAD', 10, 7, 4, 10, 60000.0, '2021-02-28', 'active', 'optimal'),
  ('09-EQC-076', 'TI+D FORTISWITCH (DISPOSITIVO CUARTO DATOS)', 13, 7, 4, NULL, 4028220.0, '2025-06-09', 'active', 'optimal'),
  ('11-EQC-003', '1 PORTATIL HP PROBOOK-TECLADO-MOUSE-LICENTIC ANTI-SRA CATA', 1, 9, 3, NULL, 3260000.0, '2024-01-31', 'active', 'optimal'),
  ('11-EQC-001', 'COMPUTADOR DIRECTOR REPLICABILIDAD', 4, 9, 3, NULL, 1899000.0, '2018-01-31', 'active', 'optimal'),
  ('11-EQC-002', 'COMPUTADOR GERENTE PROYECTOS', 4, 9, 3, 9, 3058300.0, '2021-02-28', 'active', 'optimal'),
  ('013-EQC-22', '1 TABLE ACER ICOINA A10- PROY HILTON', 8, 10, 4, 8, 480000.0, '2024-07-31', 'active', 'optimal'),
  ('013-EQC-23', '1 TABLE ACER ICOINA A10- PROY HILTON', 8, 10, 4, 8, 480000.0, '2024-07-31', 'active', 'optimal'),
  ('013-EQC-24', '1 TABLE ACER ICOINA A10- PROY HILTON', 8, 10, 4, 8, 480000.0, '2024-07-31', 'active', 'optimal'),
  ('013-EQC-25', '1 TABLE ACER ICOINA A10- PROY HILTON', 8, 10, 4, 8, 480000.0, '2024-07-31', 'active', 'optimal'),
  ('013-EQC-26', '1 TABLE ACER ICOINA A10- PROY HILTON', 8, 10, 4, 8, 480000.0, '2024-07-31', 'active', 'optimal'),
  ('013-EQC-27', '1 TABLE ACER ICOINA A10- PROY HILTON', 8, 10, 4, 8, 480000.0, '2024-07-31', 'active', 'optimal'),
  ('013-EQC-28', '1 TABLE ACER ICOINA A10- PROY HILTON', 8, 10, 4, 8, 480000.0, '2024-07-31', 'active', 'optimal'),
  ('013-EQC-07', 'COMP. PORTATIL,MONITOR TECLADO,MOUSE, PROY HILTON', 1, 10, 4, 8, 3455000.0, '2023-02-28', 'active', 'optimal'),
  ('013-EQC-08', 'COMP. PORTATIL,MONITOR TECLADO,MOUSE, PROY HILTON', 1, 10, 4, 8, 3455000.0, '2023-02-28', 'active', 'optimal'),
  ('013-EQC-09', 'COMP. PORTATIL,MONITOR TECLADO,MOUSE, PROY HILTON', 1, 10, 4, 8, 3455000.0, '2023-02-28', 'active', 'optimal'),
  ('013-EQC-10', 'COMP. PORTATIL,MONITOR TECLADO,MOUSE, PROY HILTON', 1, 10, 4, 8, 3455000.0, '2023-02-28', 'active', 'optimal'),
  ('013-EQC-11', 'COMP. PORTATIL,MONITOR TECLADO,MOUSE, PROY HILTON', 1, 10, 4, 8, 3455000.0, '2023-02-28', 'active', 'optimal'),
  ('013-EQC-12', 'COMP. PORTATIL,MONITOR TECLADO,MOUSE, PROY HILTON', 1, 10, 4, 8, 3455000.0, '2023-02-28', 'active', 'optimal'),
  ('013-EQC-13', 'COMP. PORTATIL,MONITOR TECLADO,MOUSE, PROY HILTON', 1, 10, 4, 8, 3455000.0, '2023-02-28', 'active', 'optimal'),
  ('013-EQC-14', 'COMP. PORTATIL,MONITOR TECLADO,MOUSE, PROY HILTON', 1, 10, 4, 8, 3455000.0, '2023-02-28', 'active', 'optimal'),
  ('013-EQC-15', 'COMP. PORTATIL,MONITOR TECLADO,MOUSE, PROY HILTON', 1, 10, 4, 8, 3455000.0, '2023-02-28', 'active', 'optimal'),
  ('013-EQC-16', 'COMP. PORTATIL,MONITOR TECLADO,MOUSE, PROY HILTON', 1, 10, 4, 8, 3455000.0, '2023-02-28', 'active', 'optimal'),
  ('013-EQC-17', 'COMP. PORTATIL,MONITOR TECLADO,MOUSE, PROY HILTON', 1, 10, 4, 8, 3455000.0, '2023-02-28', 'active', 'optimal'),
  ('013-EQC-18', 'COMP. PORTATIL,MONITOR TECLADO,MOUSE, PROY HILTON', 1, 10, 4, 8, 3455000.0, '2023-02-28', 'active', 'optimal'),
  ('013-EQC-19', 'COMP. PORTATIL,MONITOR TECLADO,MOUSE, PROY HILTON', 1, 10, 4, 8, 3455000.0, '2023-02-28', 'active', 'optimal'),
  ('013-EQC-20', 'COMP. PORTATIL,MONITOR TECLADO,MOUSE, PROY HILTON', 1, 10, 4, 8, 3455000.0, '2023-02-28', 'active', 'optimal'),
  ('013-EQC-04', 'COMPUTADOR PORTATIL DELL PROY HILTON', 1, 10, 4, 8, 2890000.0, '2023-02-28', 'active', 'optimal'),
  ('013-EQC-05', 'COMPUTADOR PORTATIL DELL PROY HILTON', 1, 10, 4, 8, 2890000.0, '2023-02-28', 'active', 'optimal'),
  ('013-EQC-06', 'COMPUTADOR PORTATIL DELL PROY HILTON', 1, 10, 4, 8, 2890000.0, '2023-02-28', 'active', 'optimal'),
  ('013-EQC-21', 'PROYECTOR EPSON POWERLITE HILTON', 9, 10, 4, 8, 2700000.0, '2023-04-30', 'active', 'optimal'),
  ('013-EQC-01', 'PROYECTOR EPSON- PROYEC. HILTON', 9, 10, 4, 8, 4320000.0, '2023-02-28', 'active', 'optimal'),
  ('013-EQC-02', 'PROYECTOR EPSON- PROYEC. HILTON', 9, 10, 4, 8, 4320000.0, '2023-02-28', 'active', 'optimal'),
  ('013-EQC-03', 'PROYECTOR EPSON- PROYEC. HILTON', 9, 10, 4, 8, 4320000.0, '2023-02-28', 'active', 'optimal'),
  ('14-EQC-003', '1 TABLET SAMSUNG A 9 SM-X100- 8.7" -RAM 14 GRIS- CIDI', 8, 11, 1, 2, 470000.0, '2024-11-30', 'active', 'optimal'),
  ('14-EQC-002', 'PORTATIL DELL LATITUDE 14-TECLADO-MUOSE--MONITOR 22" CAMARA WEB-CIDI', 1, 11, 1, 2, 2361000.0, '2024-08-31', 'active', 'optimal'),
  ('16-EQC-19', '1 CELULAR SAMSUNG GALAXY A05. 4 GB NERGO-CEO', 2, 8, 1, 6, 373000.0, '2025-02-28', 'active', 'optimal'),
  ('16-EQC-16', '1 IMPRESORA TINTA CONTINUA EPSON L121 -CEO', 3, 8, 1, 6, 570000.0, '2024-03-31', 'active', 'optimal'),
  ('16-EQC-15', '1 PORTATIL DEL VOSTRO 14"-MONITOR22"-TECLADO-MOUSE- CEO', 1, 8, 1, 6, 2660000.0, '2024-01-31', 'active', 'optimal'),
  ('16-EQC-20', '1 PORTATIL HP NEGRO FEFP', 1, 8, 1, NULL, 1680000.0, '2025-06-11', 'active', 'optimal'),
  ('16-EQC-21', '1 PORTATIL HP NEGRO FEFP', 1, 8, 1, NULL, 1680000.0, '2025-11-30', 'active', 'optimal'),
  ('16-EQC-22', '1 PORTATIL HP NEGRO FEFP', 1, 8, 1, NULL, 1680000.0, '2025-06-11', 'active', 'optimal'),
  ('16-EQC-23', '1 PORTATIL HP NEGRO FEFP', 1, 8, 1, NULL, 1680000.0, '2025-06-11', 'active', 'optimal'),
  ('16-EQC-24', '1 PORTATIL HP NEGRO FEFP', 1, 8, 1, NULL, 1680000.0, '2025-06-11', 'active', 'optimal'),
  ('16-EQC-25', '1 PORTATIL HP NEGRO FEFP', 1, 8, 1, NULL, 1680000.0, '2025-06-11', 'active', 'optimal'),
  ('16-EQC-26', '1 PORTATIL HP NEGRO FEFP', 1, 8, 1, NULL, 1680000.0, '2025-06-11', 'active', 'optimal'),
  ('16-EQC-27', '1 PORTATIL HP NEGRO FEFP', 1, 8, 1, NULL, 1680000.0, '2025-06-11', 'active', 'optimal'),
  ('16-EQC-28', '1 PORTATIL HP NEGRO FEFP', 1, 8, 1, NULL, 1680000.0, '2025-06-11', 'active', 'optimal'),
  ('16-EQC-29', '1 PORTATIL HP NEGRO FEFP', 1, 8, 1, NULL, 1680000.0, '2025-06-11', 'active', 'optimal');

INSERT INTO assets
  (code, description, category_id, asset_account_id,
   city_id, area_id, historical_cost, activation_date,
   logical_status, physical_status)
VALUES
  ('16-EQC-17', '1 PROYECTOR EPSON POWERLITE E20 (3400 LUMENES) CEO', 9, 8, 1, 6, 2233000.0, '2024-06-30', 'active', 'optimal'),
  ('16-EQC-18', '1 TABLET LENOVO MP- TB310FU 9"-128GB- CEO', 8, 8, 1, 6, 567000.0, '2024-09-30', 'active', 'optimal'),
  ('16-EQC-12', 'COMPUTADOR  PORTATIL DELL CEO - HILTON', 1, 8, 1, 8, 3455000.0, '2022-12-31', 'active', 'optimal'),
  ('16-EQC-13', 'COMPUTADOR  PORTATIL DELL CEO - HILTON', 1, 8, 1, 8, 3455000.0, '2022-12-31', 'active', 'optimal'),
  ('16-EQC-14', 'COMPUTADOR  PORTATIL DELL CEO - HILTON', 1, 8, 1, 8, 3455000.0, '2022-12-31', 'active', 'optimal'),
  ('16-EQC-30', 'COMPUTADORES  LENOVO DONAC-PROCIBERNETICA', 4, 8, 1, NULL, 508092.0, '2025-07-22', 'active', 'optimal'),
  ('16-EQC-31', 'COMPUTADORES  LENOVO DONAC-PROCIBERNETICA', 4, 8, 1, NULL, 508092.0, '2025-07-22', 'active', 'optimal'),
  ('16-EQC-02', 'IMPRESORA EPSON', 3, 8, 1, NULL, 383833.0, '2016-12-01', 'active', 'optimal'),
  ('16-EQC-003', 'IMPRESORA HP', 3, 8, 1, NULL, 499000.0, '2019-10-31', 'active', 'optimal'),
  ('16-EQC-004', 'PARLANTES OEE', 6, 8, 1, NULL, 80000.0, '2017-03-01', 'active', 'optimal'),
  ('16-EQC-005', 'PORTATIL', 1, 8, 1, NULL, 1400000.0, '2018-01-31', 'active', 'optimal'),
  ('16-EQC-002', 'PORTATIL HP-PARLANTES', 1, 8, 1, NULL, 1588319.0, '2019-08-31', 'active', 'optimal'),
  ('16-EQC-001', 'PROYECTOR EPSON', 9, 8, 1, 9, 1201681.0, '2019-08-31', 'active', 'optimal');